ROC-AUC,PR-AUC,F1,Accuracy,BestThreshold(F1),Calibrated,Model
0.9696969696969697,0.9791305219876647,0.9090909090909091,0.9047619047619048,0.38709040294911307,True,RandomForest
