ROC-AUC,PR-AUC,F1,Accuracy,BestThreshold(F1),Calibrated,Model
0.904040404040404,0.9394176047536001,0.8484848484848485,0.8412698412698413,0.29401752518053875,True,RandomForest
