ROC-AUC,PR-AUC,F1,Accuracy,Precision,Recall,BestThreshold(F1_on_val),UsedEstimators
0.9555555555555556,0.9738138000433081,0.9180327868852459,0.9206349206349206,1.0,0.8484848484848485,0.8616660912247426,255
