ROC-AUC,PR-AUC,F1,Accuracy,Precision,Recall,BestThreshold(F1_on_val),UsedEstimators
0.9525252525252524,0.972702094653314,0.9180327868852459,0.9206349206349206,1.0,0.8484848484848485,0.8834302024619752,98
