ROC-AUC,PR-AUC,F1,Accuracy,BestThreshold(F1),UsedEstimators
0.9525252525252524,0.972702094653314,0.9180327868852459,0.9206349206349206,0.8834302024619752,98
