ROC-AUC,PR-AUC,F1,Accuracy,BestThreshold(F1),UsedEstimators
0.8979797979797979,0.9409019166870692,0.8484848484848485,0.8412698412698413,0.37081458618365887,93
