ROC-AUC,PR-AUC,F1,Accuracy,BestThreshold(F1),Calibrated,Model
0.8999999999999999,0.9426338611814054,0.8852459016393442,0.8888888888888888,0.5117037710477537,True,LogisticRegression
