ROC-AUC,PR-AUC,F1,Accuracy,BestThreshold(F1),Calibrated
0.9131313131313131,0.940894737843402,0.8571428571428571,0.8571428571428571,0.4806732523347353,True
